{
  "project_info": {
    "project_number": "155280716551",
    "firebase_url": "https://skype-clone-40fbd.firebaseio.com",
    "project_id": "skype-clone-40fbd",
    "storage_bucket": "skype-clone-40fbd.appspot.com"
  },
  "client": [
    {
      "client_info": {
        "mobilesdk_app_id": "1:155280716551:android:ad19cc01bbc7bd6a24cba2",
        "android_client_info": {
          "package_name": "com.example.skype_clone"
        }
      },
      "oauth_client": [
        {
          "client_id": "155280716551-t0d7jkup29epdqosv0ltmvgf51qs5ijv.apps.googleusercontent.com",
          "client_type": 1,
          "android_info": {
            "package_name": "com.example.skype_clone",
            "certificate_hash": "191599ad034448b4be3ec86ac07dd5a575aeb3ff"
          }
        },
        {
          "client_id": "155280716551-rnkv96qds14eeus3l93oi1bl3gp94l5j.apps.googleusercontent.com",
          "client_type": 3
        }
      ],
      "api_key": [
        {
          "current_key": "AIzaSyD79or5Uh77bPGq-7p3R8gOxWsbzHmGTgI"
        }
      ],
      "services": {
        "appinvite_service": {
          "other_platform_oauth_client": [
            {
              "client_id": "155280716551-rnkv96qds14eeus3l93oi1bl3gp94l5j.apps.googleusercontent.com",
              "client_type": 3
            }
          ]
        }
      }
    }
  ],
  "configuration_version": "1"
}